{
  "benchmark_metadata": {
    "name": "Isaac ROS SAM3 Graph Benchmark",
    "test_datetime": "2026-02-18T10:48:07.262398",
    "test_duration_sec": 30.0,
    "warmup_frames": 10,
    "config": {
      "model_type": "efficient_sam3",
      "backend": "pytorch",
      "num_prompts": 1
    }
  },
  "performance_metrics": {
    "num_frames": 208,
    "throughput_fps": 6.929022969619854,
    "latency_ms": {
      "mean": 74.66967166835904,
      "std_dev": 2.764638034291953,
      "min": 70.53942699712934,
      "max": 93.17604399984702,
      "p50": 74.02360000196495,
      "p95": 79.34298125037458,
      "p99": 83.08443520785659
    },
    "stage_breakdown_ms": {
      "cvbridge": {
        "mean": 0.3372229954178553,
        "std_dev": 0.07215533609093976
      },
      "preprocess": {
        "mean": 12.43347531726613,
        "std_dev": 1.1051388914780196
      },
      "vision_encoder": {
        "mean": 14.551115062484033,
        "std_dev": 0.6810906841212734
      },
      "text_encoder": {
        "mean": 0.01580835109612403,
        "std_dev": 0.008992005642247612,
        "cache_hit_rate": 1.0
      },
      "decoder": {
        "mean": 35.51269131227085,
        "std_dev": 1.7190915654025216
      },
      "postprocess": {
        "mean": 11.770239259581453,
        "std_dev": 1.1049246534520294
      }
    }
  }
}